,Fixed Assets (t),Cash (t),Debtors (t),Current Liabilities (t),Working Capital (t),Current Assets (t),Capital Employed (t),Shareholders's Funds (t),Turnover (t),Cost of Sales (t),Gross profit (t),Administrative Expenses (t),Operating profit (t),Interest payable (t),Profit before tax (t),Tax (t),Profit after tax (t),Fixed Assets (t-1),Cash (t-1),Debtors (t-1),Current Liabilities (t-1),Working Capital (t-1),Current Assets (t-1),Capital Employed (t-1),Shareholders's Funds (t-1),Turnover (t-1),Cost of Sales (t-1),Gross profit (t-1),Administrative Expenses (t-1),Operating profit (t-1),Interest payable (t-1),Profit before tax (t-1),Tax (t-1),Profit after tax (t-1),Firm Reg
0,0,11,-7,4,11,-23776,-23775,0,0,0,-7499,204191,-19060,185131,-16275,168856,0,0,303,450,753,303,3853,-192631,700000,688697,11303,-8592,98379,-18895,79484,0,79484,10368081
0,0,3260633,-255154,3005479,3260633,3005479,3005479,12350000,-9564968,2785032,-24018,2927950,-199075,2728875,-251801,2477074,0,0,175005,-303778,9174928,9478706,9174928,528405,0,0,0,-8649,1064188,-807968,256220,34894,291114,10368265
0,31250,147080,-77562,324210,401772,324210,324210,104800,,34308,-21109,13199,0,13199,19197,32396,0,9054,177093,-119028,291814,410842,291814,291814,1298979,,123992,-29178,94814,0,94907,-20141,74766,10518119
0,0,0,-7500,1931,0,1931,1931,5650000,-5516273,133727,-8146,379252,-256667,122585,0,122585,0,0,0,-122040,5343550,,5343550,-120654,0,0,0,-6637,415721,-503527,-87806,0,-87806,10371570
0,0,545881,-17885,527996,545881,527996,527996,5250000,-4736741,513259,-23118,716845,-210942,505903,-4753,501150,0,0,67413,-145014,4594765,4739779,4594765,26846,0,-100000,-100000,-8499,392158,-425042,-32884,6806,-26078,10368607
0,0,111299,-111299,0,111299,0,0,0,0,0,-7850,-7850,0,-7850,111299,103449,0,0,2178654,-533519,1645135,2178654,1645135,1645135,7300000,-5354156,1945844,-6390,2276044,-239103,2037961,-383053,1654908,10368631
0,0,9038,0,0,,0,0,0,0,0,-7850,-7850,0,-7850,-1538,-9388,0,0,843,-381403,1711839,0,1711839,1330436,9998995,-8490955,1508040,-6387,2014432,-381403,1633029,-299554,1333475,10368615
140640,0,0,-54288,-23327,-23327,117313,58184,1100505,264972,835533,788944,66928,1166,65991,14601,51390,51204,0,0,0,-40810,-40810,10394,10394,1452714,1133233,319481,363992,-44511,341,-43024,-10771,-32253,2872144
0,0,0,-1052000,-1052000,-1052000,-1052000,-1485000,1201000,-1267000,-66000,,-192000,0,-192000,0,-192000,75000,0,0,-925000,-925000,-925000,-850000,-1293000,1069000,-1144000,-75000,,-75000,0,-75000,0,-75000,2983917
0,428144,50000,-629102,-150958,478144,,-167958,0,,-58476,-58476,-58476,0,-58440,0,-58440,0,428137,65550,-603205,-109518,493687,,-109518,0,,-14080,-14080,-14080,0,-13836,0,-13836,3649544
0,1125369,0,-69630,1055739,1125369,1055739,1055739,7739,-1085,6654,-37377,-30723,0,-11088,0,-11088,0,4621580,4836,-59589,4566827,4626416,4566827,4566827,33620,-8563,25057,-22000,3057,0,17578,0,17578,3745629
2575446,0,9495289,-12161992,4866895,2275832010128,7442341,7315610,42004487,-36196394,5808093,-6650388,-707991,-360936,,-937,-1008079,4284382,0,10645364,-11530014,4400674,575739449617,8685056,8323689,44252201,-37051087,7201114,-7317232,-21007,-399671,,2422,-357531,1277599
0,1025000,489000,-5577000,-4063000,1514000,,-4063000,14000,-666000,-652000,1250000,599000,-12000,587000,-112000,475000,0,0,597000,-5135000,-4538000,597000,,-4538000,5663000,-2598000,3065000,-1749000,1316000,-55000,2140000,474000,2614000,4636673
0,547000,8398000,-4824000,4121000,8945000,,4121000,28732000,-16758000,11974000,-10087000,1899000,0,1899000,-360000,1539000,0,60000,5867000,-3345000,2582000,5927000,,2582000,30113000,-21358000,8755000,-7525000,1230000,-111000,1119000,0,1119000,4645692
3412000,0,0,-1924000,-1924000,-1924000,1488000,189000,31287000,-30819000,468000,-394000,74000,-74000,0,0,0,3541000,0,0,-1860000,-1860000,-1860000,1681000,189000,32458000,-32052000,406000,-323000,83000,-80000,3000,24000,27000,4378989
0,0,77992000,-76728000,0,1264000,,0,,,5,0,5,6,0,7,0,95279000,0,0,0,1264000,0,,-4601000,,,-50,-50,-50,-5171,-5221,0,-5221,10300424
0,448,2874812,3338948,-463688,2875260,-158688,-158688,93336,118947,-25611,-8911,-11200,9,-11209,0,-11209,0,5027,2799261,3336318,-532030,2804288,-157030,-157030,0,2095,-2095,3127,8028,0,8028,1606,6422,5965235
0,4,52,-6,50,56,,50,0,0,0,-561,-561,0,-561,0,-561,0,31,40,-28,611,639,,611,0,0,0,6,6,0,6,2,8,5383868
0,0,754172,-238339,516394,754733,516394,516394,800000,-284610,515390,-54606,460784,0,460794,0,0,0,0,6176927,-3621327,2555600,6176927,2555600,2555600,10917863,-7891351,3026512,-121295,2905217,0,2905234,-397014,0,3847961
0,0,0,208000,104000,104000,,104000,,,-1000,-1000,-1000,0,-85499000,0,-85499000,85500000,0,0,85706000,103000,103000,,85603000,,,-2000,-2000,-2000,0,-1000,0,-1000,7640822
12850000,0,626616,-14235144,-13608528,626616,-758528,-758528,1286011,-777366,508645,-1789526,-1280881,-854426,-2131774,0,-2131774,14336100,0,853705,-894581,-40876,853705,14295224,1373246,877170,-86064,791106,-356954,434152,-866733,-420462,0,-420462,5641999
76580,1397314,0,-11178428,1529938,12708366,1606518,1586938,38536512,-34537509,3999003,-2795219,1214020,-29538,1186413,39602,1226015,100904,842955,0,-6087600,806262,6893862,907166,862193,30032392,-26479616,3552776,-2644758,1022547,-6710,1016378,-248709,767669,6551179
0,14470,3126348,-4391128,-1250310,3140818,,-1250310,,,-175007,-175007,-175007,-128,-175135,0,-175135,0,26578,1035221,-2136974,-1075175,1061799,,-1075175,,,-186634,-186634,-186634,-103,-186737,0,-186737,4287057
20000,0,4317000,-39800000,-35483000,-35483000,-35463000,-210402000,,0,0,-49865000,-56892000,-4174000,-61066000,0,-61066000,49891000,0,5216000,-29835000,-24619000,-24619000,25272000,-149336000,,108000,108000,-11649000,-19607000,-7217000,-26824000,1389000,-25435000,6798895
20400000,0,1112000,-278000,834000,834000,21234000,18979000,1960988820,,,0,1220615490,-146073657,1074541833,0,1078543851,20110000,0,873000,-288000,585000,585000,20695000,18440000,1722868749,,,-18009081,1178594301,-126063567,1052530734,3843938289,4896469023,4017775
12400000,0,686000,4433000,-3747000,686000,8653000,-1712000,3968000,-3954000,14000,-686000,-672000,-369000,-1041000,0,-1041000,939000,0,1383000,1944000,-561000,1383000,378000,378000,3233000,-1539000,1694000,-480000,1214000,-6000,1208000,0,1208000,10698659
4307000,0,76000,1234000,-1158000,76000,3149000,-1448000,498000,-663000,-165000,-169000,-334000,-133000,-467000,0,-467000,48000,0,172000,724000,-552000,172000,-504000,-504000,124000,-508000,-384000,-116000,-500000,-4000,-504000,0,-504000,10831152
0,0,1310000,1347000,-37000,1310000,-37000,-37000,2,0,0,0,0,0,4,5,0,0,0,0,0,0,0,,1000,2194,1974,220,257,0,0,-37,0,-37,9955158
13264000,0,428000,2242000,-1814000,428000,11450000,-2608000,1967000,-2068000,-101000,-318000,-419000,-397000,-816000,0,-816000,802000,0,671000,2672000,-2001000,671000,-1199000,-1199000,604000,-1433000,-829000,-342000,-1171000,-28000,-1199000,0,-1199000,10831261
274000,0,62000,5750000,-5688000,62000,-5414000,-5557000,1480000,-3447000,-1967000,-243000,-2210000,-226000,-2436000,0,-2436000,0,0,1084000,6014000,-4930000,1084000,-4930000,-4930000,2528000,-3641000,-1113000,-502000,-1615000,-162000,-1777000,0,-1777000,6955648
0,0,0,0,0,0,0,-2,0,0,0,0,1,0,0,0,0,0,0,2534,-2534,0,2534,0,0,0,0,0,0,11759,0,11759,0,11759,3127114
1889000,0,1115000,2048000,-933000,1115000,956000,-703000,1227000,-1208000,19000,-243000,-224000,-109000,-333000,0,-333000,0,0,847000,2158000,-1311000,847000,-136000,-136000,1409000,-1135000,274000,-266000,8000,-45000,-37000,0,-37000,10422106
0,1792890,4664174,-45850,6411214,6457064,,6411214,0,,-20615,-21542,-20615,0,117829,-33600,84229,0,1237044,4737645,-157955,6326985,6484940,,6326985,0,,-15900,-15900,-15900,0,-150,-498,-648,3902703
0,104204,1612766,914460,802510,1716970,802510,802510,584721,,,216351,389891,30,389875,85100,304775,0,13254,639023,154542,497735,652277,497735,497735,399606,,,17011,382595,17,382597,89710,292887,5649075
0,10015,28454,21554,16915,38469,16915,16915,146106,123514,22592,22284,308,-21,287,-106,181,0,2447,37461,23176,16732,39908,16732,16732,238521,196902,41619,24626,16993,-7,16986,-3567,13419,2890858
0,44074,195437,-99179,140332,239511,,140332,738953,,,-646721,92232,-552,91883,-13762,78121,0,75693,100388,-113870,62211,176081,,62211,719590,,,-629916,89674,-395,89625,-6416,83209,6255775
0,0,314000,2443000,-2129000,314000,-2129000,-2129000,777000,911000,-134000,84000,-218000,-65000,-283000,0,-283000,1000,0,321000,2168000,-1847000,321000,-1846000,-1846000,993000,1054000,-61000,202000,-263000,-58000,-321000,0,-321000,6954854
0,62647,50,-62597,100,62697,100,100,7163,,,-7163,0,0,0,0,0,0,178208,200228,-378336,100,378436,100,100,1537590,,,-34135,1503455,-3,351015,-338523,12492,7141376
0,0,12352000,-29000,12323000,12352000,12323000,12323000,0,0,-29000,,-29000,0,-29000,0,-29000,0,4000,12364000,-16000,12352000,12368000,12352000,12352000,0,0,-43000,,-43000,0,-24000,0,-24000,95543
753000,0,363000,1466000,-1103000,363000,-350000,-776000,1636000,-1225000,411000,-286000,125000,-50000,75000,0,75000,1000,0,528000,1144000,-616000,528000,-615000,-615000,1623000,-1120000,503000,-285000,218000,-27000,191000,0,191000,7705535
0,2000,1174000,-7311000,-6135000,1176000,-6135000,-6135000,,,-3000,-3000,-3000,-13000,-82000,0,-82000,0,4000,86000,-6143000,-6053000,90000,-6053000,-6053000,,,0,0,0,-13000,-281000,0,-281000,5181808
7659,3583,0,-7912,107105,1064771213,114764,114764,51658,11175,40483,0,-12379,1189,-13568,0,-13568,32563,94243,0,-192469,95769,10858275369,128332,128332,769523,635459,134064,0,-153187,6875,-160062,0,-160062,704063
0,0,37000000,-3000000,34000000,37000000,34000000,34000000,1000000,0,1000000,-15000000,-14000000,-11000000,14000000,-8000000,6000000,0,89000000,3494000000,-1025000000,2558000000,3583000000,2558000000,2560000000,344000000,-210000000,134000000,-17000000,117000000,-6000000,2976000000,-562000000,2414000000,3332751
0,0,3301948,0,3301948,3301948,3301948,3301948,3,0,0,0,4,0,0,7,0,0,4421283,1174454,-2294909,3300828,5595737,3301948,3301948,5630538,-3300820,2329718,-1426316,903402,0,-1004192,111282,-892910,4815837
0,0,129000,-6000,123000,123000,123000,123000,,,-4000,0,-4000,0,2880000,0,2880000,0,0,191352000,-9000,191343000,191343000,319709000,43787000,,,-6000,0,-6000,0,4770000,0,4770000,OC348202
67741603,0,5612162,-200000,5412162,5412162,73153765,7116756,0,0,0,-50000,-50000,0,-50000,10500,-39500,67741603,0,5601662,-150000,5451662,5451662,73193265,7156256,0,0,0,-50000,-50000,0,-50000,11500,-38500,6326753
0,65877,111,93113,27125,65988,,27125,,,-36055,-12055,-36055,0,-36041,0,-36041,0,71571,170,134907,63166,71741,,63166,,,-13662,-13662,-13662,0,-13528,0,-13528,4201383
0,4735,9847443,-10137628,-142530,9995098,-142530,-142530,10990686,-10515330,475356,-217753,783837,-830975,-47138,0,-47138,0,56409,3928048,-4271862,-96392,4176470,-95392,-95392,8380466,-7425897,954569,-126307,531562,-626958,-95396,0,-95396,8306088
0,66000,89000,-306000,-151000,155000,-151000,-151000,519000,-372000,147000,-108000,,0,39000,0,39000,0,34000,101000,-325000,-190000,135000,-190000,-190000,629000,-453000,176000,-140000,,0,36000,0,36000,9726872
0,0,12220000,-6326000,5894000,12257000,5931000,5891000,10040000,,10040000,-9532000,508000,0,603000,-66000,537000,0,0,11869000,-6439000,5430000,11938000,5499000,5353000,10811000,,10811000,-10216000,595000,0,653000,-324000,329000,4079671
0,12724000,2132000,-162732000,-150897000,14856000,-150897000,-150897000,11000,-2377000,-2366000,-3332000,-5698000,0,-5532000,0,-5532000,0,34372000,20689000,-1104000,16978000,55061000,16978000,-145365000,13179000,-31237000,-18058000,-3292000,-21350000,0,-20828000,-448000,-21276000,2076042
0,0,0,-67934000,-79930000,91926000,11996000,11996000,0,,0,-166000,-166000,0,0,0,-166000,0,0,0,-67768000,-79930000,92092000,12162000,12162000,0,,0,0,0,0,0,0,0,3538262
0,2960,0,-471143,-471143,2960,,-468183,,,-186981,-186981,-186981,-15164,-202145,0,-202145,0,21856,8500,-296394,-296394,30356,,-266038,,,-264267,-264267,-264267,-2581,-266848,0,-266848,10482063
7938,0,34334,259185,-222530,36655,-214592,-141282,10000,0,10000,262373,-252373,-15,0,0,-214692,16815,0,595,614,20981,595,37796,38986,75789,78582,-2793,-27167,24374,-10014,0,0,37696,1578023
0,0,0,76765,76765,76765,76765,227049,16888257,-14529332,2358925,-219700,2160063,-145948,2014115,-382682,1631433,0,0,0,11845332,11845332,11845332,11845332,1595616,34479597,-25454279,9025318,-587120,8329351,-2497200,5844098,-1192027,4652071,10528443
0,0,10,21,0,0,0,0,0,,,0,5,7,0,8,0,0,13519491,9,54051578,13492898,13519590,13492898,13492898,0,,,55467,12314178,792,12314057,0,12314057,10537718
0,5643,6407530,-4815203,1597970,6413173,1597970,1597970,14268509,-13608701,659808,-1501627,25181,-117,25098,-31890,-6792,0,196712,5939870,-4531820,1604762,6136582,1604762,1604762,15488143,-14491872,996271,-961069,35202,-22,35180,-15276,19904,2039209
36,0,14,15,0,14,,0,3,0,0,,5,8,0,10,0,20543,0,2445,-9818,-7373,2445,,13170,9533,-3168,6365,,-7986,-48,-1669,-38,-1707,10344118
0,1161000,11320000,-8563000,5349000,1431000,5349000,4976000,26947,-23138,3809,-3453,-3453,-25,384,-99,285,0,1708000,10945000,-9286000,5217000,1850000,5217000,4691000,33418,-28637,4781,-4298,-4298,-6,541,-243,298,1182885
0,265000,1000,-582000,987000,1569000,987000,-7035000,5296000,-5065000,231000,-91000,140000,-232000,-91000,0,-91000,0,973000,1831000,-2807000,3767000,6574000,4707000,-6944000,16882000,-11526000,5356000,-163000,5193000,-585000,4608000,0,4608000,4508367
0,0,0,-1819000,-1819000,0,-1819000,-27664000,,,-38024000,-28000,-38024000,-2850000,-38524000,0,-38524000,12158000,0,23495000,-1298000,22197000,23495000,34355000,10860000,,,-15000,-15000,-15000,-2636000,-515000,0,-515000,9696984
102706000,117000,0,-12568000,-12451000,117000,90255000,90255000,,,-26000,-26000,-26000,-167000,4857000,0,4857000,87291000,387000,0,0,387000,387000,87678000,44883000,,,-65000,-65000,-65000,-2032000,4403000,0,4403000,9038049
0,10959,875632,-12499,1519092,645000,,1519092,199637,-190447,9190,-4047,5143,0,5143,0,5143,0,15258,719973,-21282,1513949,800000,,1513949,51727,-99864,-48137,-3886,-52023,0,-52023,0,-52023,4666848
0,0,7034,-6756,278,7034,,278,,,-7000,-7000,-7000,-129000,2000,0,2000,0,0,6914,-6638,276,6914,,276,,,-2000,-2000,-2000,-136000,8000,0,8000,6038076
0,133088,0,364,5694694,6651539,5694694,5694694,,,-85231,-85231,-85231,0,-85231,0,-85231,0,3874650,0,4001,5779925,6707639,5779925,5779925,,,-9458,-9458,-9458,0,-9198,0,-9198,5917564
0,0,0,-2007308,36289703,38297011,36289703,-45386476,2769064,-1707558,1061506,-560583,500923,-2531811,1214847,-113654,1101193,0,0,0,-1776458,37244720,39021178,37244720,-46487669,2561760,-1437679,1124081,-328561,795520,-2492008,2143054,-2674863,-531809,4289024
0,0,0,105,105,105,105,105,1,,-3467,,-3467,0,12810,-422965,-410155,0,0,0,115,115,115,115,115,434135,,-128519,,-128519,0,-119896,-300269,-420165,470886
68000,0,16854000,-12665000,4189000,4189000,4257000,4257000,0,,,,0,0,67000,-13000,54000,0,0,16720000,-12517000,4203000,4203000,4203000,4203000,0,,,,0,0,21000,-4000,17000,5630050
133959000,0,47064000,-46220000,17685000,63905000,23834000,7282000,45857000,-45630000,227000,,,0,,,-4675000,138916000,0,48865000,-38003000,27746000,65749000,35164000,17030000,50097000,-48396000,1701000,,,0,,,14389000,1455007
0,274000,2156000,-685000,1782000,2467000,1782000,1782000,4957000,-3467000,1490000,-1341000,149000,-90000,59000,-5000,54000,0,0,5681000,-4018000,1728000,5746000,1728000,1728000,4606000,-2898000,1708000,-1570000,138000,-46000,92000,32000,124000,9245661
0,0,40000000,-105900000,-65900000,-65900000,-65900000,-139784000,,,-139011000,,-139011000,-18352000,-141509000,65000,-141444000,1450000,0,161698000,-96749000,64949000,64949000,66399000,1660000,,,0,,0,-17052000,-2447000,1217000,-1230000,5976770
2082000,0,0,-7472000,15695000,23167000,17777000,17777000,34656000,-167000,34489000,-32133000,,0,2238000,-79000,2159000,365000,0,0,-7642000,14955000,22597000,15320000,14311000,53802000,-156000,53646000,-43391000,,0,2443000,-1221000,1222000,3730602
2186,0,0,-15567,-12487,44451503,-10301,-15569,26488,835,25653,23322,2331,328,2003,-19575,-17572,2791,0,0,-175710,-12887,11127083,-10096,-17572,16608,226,16382,17472,-1090,1720,-2630,-12312,-14942,1790808
0,0,29968,0,29968,29968,29968,28850,0,0,0,-239000,-239000,0,416000,-214000,202000,0,0,29900,-204,29696,29900,29696,28648,0,0,0,19000,19000,0,1501000,-441000,1060000,585987
0,0,10,0,101,10,10,10,0,,0,0,0,0,0,0,0,0,0,10495,0,10495,10495,10495,10495,546,,0,-546,0,-3535,9436,0,9436,585778
0,3000,3176000,1734000,1455000,3189000,1759000,1457000,413321000,-203770000,209551000,,5904000,-1066000,5494000,287000,5781000,0,493000,1309000,1141000,664000,1805000,1433000,1316000,282736000,-131446000,151290000,,12423000,-984000,11931000,-5863000,6068000,1945695
0,0,0,-119275,-119275,-119275,,-119275,0,,,3,0,0,0,6,0,0,12550,272615,-404440,-119275,-119275,,-119275,-79255,,,-347069,-426324,0,-354617,106385,-248232,4004845
2187624,2205829,0,-111725,964070,964070,,631805,3595313000,,3433830000,-3178112000,69324000,-20000,179148000,178877000,100271000,2412011,1719643,0,-110614,857181,857181,,469210,2407272000,,2262900000,-2165023000,49112000,-27000,156547000,-75385000,81162000,8225516
137444,0,74994,-164460,-71191,93269,66253,19864,1436913,-987052,449861,-374826,75035,-15811,,,42424,130400,0,39892,-154762,-107442,47320,22958,-22560,1438730,-1046125,392605,-407855,-15250,-15107,,,-28907,2112325
0,63515,2280482,151113,2192884,2343997,2192884,2192884,24449,,,48713,0,0,-24264,0,-24264,0,43945,2277020,103817,2217148,2320965,2217148,2217148,147873,,,44423,0,0,103450,0,103450,8260949
0,42228,2387782,12757,2486777,2499534,2486777,2486777,0,578095,-578095,84803,-662898,0,-661087,0,-661087,0,469509,736870,298197,908182,1206379,908182,908182,0,0,0,218320,-218320,0,-218320,0,-218320,8908947
0,46692,2796297,2842989,2679262,2842989,2679262,2679262,91199,0,91199,80783,0,0,10416,0,10416,0,18633,2794929,2813562,2668846,2813562,2668846,2668846,19281,-30658,49939,19209,0,0,30730,0,30730,8751101
0,55191,3746455,536846,3580340,4117186,3580340,3580340,0,1488667,-1488667,90663,-1579330,35471,-1614801,0,-1614801,0,942024,3904042,1110466,5195141,6305607,5195141,5195141,0,0,0,229405,-229405,0,-229405,0,-229405,8908944
0,63395,20123,4947251,2434069,2513182,2434069,2434069,18328,,0,-128332,0,0,-107154,0,-107154,0,88564,73868,5133319,2541223,2592096,2541223,2541223,25235,,0,-50889,0,0,-19228,0,-19228,8260708
3998035,0,5537871,-4656954,882917,5539871,4880952,4880952,897316,-356887,540429,-48481,491948,-50480,441468,0,441468,4004903,0,4882890,-4450309,434581,4884890,4439484,4439484,1012448,-338717,673731,-63001,610730,-37513,573217,6026,579243,3837423
8518857,0,8063497,-19967104,-11903607,-11903607,-3384750,-3384750,511077,-267226,243851,-525607,-281756,-599509,,0,-881265,15378063,0,8253009,-19638931,-11385922,-11385922,3992141,3992141,397644,-182006,215638,-21346,194292,-628289,,9780,-424217,6191678
3233728,0,4694128,-5026004,-328767,4697237,2904961,2904961,1319427,-452204,867223,-83994,783229,-1472,781757,0,781757,3216619,0,3730175,-1298651,2434280,3732931,5650899,5650899,1357217,-491249,865968,-106269,759699,-1197,758502,290593,1049095,4154320
0,3079978,9444499,-1399910,11444667,12844577,,11444667,0,0,0,-188186,-55311,0,-55311,908,-54403,0,3045798,0,-43441491,-40075593,3365898,,-40075593,3243995,-4455142,-1211147,-1748568,-2959715,0,-3401593,10874168,7472575,5346120
0,3989,4250,-124667,3123429,3248096,3123429,2993429,0,0,0,-120548,-120453,0,-132141,0,-132141,0,5000,14638,-1572325,3125570,4697895,3125570,3125570,25294,-1613,23681,-199762,-189073,0,599023,0,599023,165351
,0,48615,0,48615,48615,48615,48615,0,,,0,0,0,0,1,0,1022010,1710020,94201,-2498589,1001186,3499775,2023196,2023196,897955,,,-408475,489480,0,551543,-12648,538895,559455
5027000,4000,0,-4125000,451000,4576000,451000,-14214000,12929000,-6740000,6189000,-4228000,-3864000,-668000,-11052000,0,-11052000,-907000,0,0,-907000,-907000,0,-907000,-3162000,0,0,0,-8000,-8000,-114000,-122000,0,-122000,2673742
3108000,0,2353000,-20665000,-15574000,2738000,-5502000,-29910000,11474000,,-2370000,,-2370000,-1202000,-3572000,-341000,-3913000,2738000,0,3991000,-17390000,-8092000,5307000,1583000,-25997000,16819000,,-7238000,,-7238000,-816000,-8054000,-1448000,-9502000,801199
10935000,0,696000,3728000,-3032000,696000,7903000,-4058000,1793000,-2731000,-938000,-348000,-1286000,-473000,-1759000,0,-1759000,737000,0,732000,3107000,-2375000,732000,-1638000,-1638000,378000,-1833000,-1455000,-133000,-1588000,-50000,-1638000,0,-1638000,10831781
0,46755,504347,-407035,144067,551102,,144067,685305,-45977,639328,-547110,92218,-70771,21447,-8945,12502,0,29808,540244,-343487,226565,570052,,226565,1783507,-26337,1757170,-1111689,645481,-46620,599304,-150721,448583,9055160
0,0,495000,-5875000,3446000,5551000,8997000,8997000,16674000,-8322000,8352000,-8662000,-310000,-16000,-326000,-64000,-390000,0,1197000,559000,-4175000,4759000,4628000,9387000,9387000,15759000,-6823000,8936000,-7661000,1275000,-23000,1252000,-102000,1150000,2595358
0,8043,229790,1868432,-4702228,1768432,-4375104,-4375104,3246654,1221037,2025617,2795364,-197039,0,-197029,-53029,-144000,0,80041,217564,2030207,-4501922,2080207,-4178075,-4231104,3737359,1633838,2103521,3055440,-528643,0,-528507,53029,-581536,1307584
1138135,1033740,0,11623466,1667925,25346230332415,2806060,2760825,36001695,29949974,6051721,0,745502,27696,1225292,75853,1149439,1221975,903448,0,10642764,848067,15793308846095,2070042,1962336,30794406,24199920,6594486,0,1322701,31014,1291687,280814,1010873,1294330
0,87721,542020,-139107,651488,790595,651488,651488,,-216124,176041,-211047,,0,-39385,18586,-20799,0,299268,341326,-110461,672287,782748,672287,672287,,-290157,415356,-245252,,0,162403,-43711,118692,2924393
0,148000,0,-242000,582000,0,582000,582000,1708,-113,1595,-1267,328,0,0,14,342,62000,90000,0,-186000,179000,62000,241000,240000,1536,-135,1401,-1228,173,0,0,-28,145,6583650
99294,0,1310441,-1804686,292167,2196147,391461,208998,14580981,-13519559,1061422,-1004570,,0,56852,-27412,29440,129385,0,483092,824460,28952,982797,158337,152338,14066218,-12994777,1071441,-1113814,,0,-42373,-7908,-50281,4593451
2792900,0,852,183,-2237331,852,555569,555569,,-66748,-169329,-102581,-169329,-192,-169521,0,-169521,2807201,0,139088,-2221198,-2082110,139088,725091,725091,,-162675,-212516,-49841,-212516,-142,-212658,703,-211955,4269351
0,0,9700000,-76375000,16518000,0,16518000,16518000,9700000,,,-1886000,7814000,-1268000,6546000,-190000,6356000,0,0,9700000,-79682000,-69982000,84144000,14162000,14162000,9700000,,,-3030000,6670000,-1047000,5623000,-1596000,4027000,4109632
0,0,1376824586,1565198551,399851,77250154,12180634,12180634,80306969,-69454319,10852650,-934869,9917781,-117707,9920865,-1884964,8035901,0,0,90133346,77976804,0,90133346,12156542,12156542,103133114,-90699933,12433181,-2338843,10094338,-39350,10225870,-1954473,8271397,6423121
0,0,682000,-1364000,-682000,682000,,-682000,6947000,,-87000,7034000,-87000,-11000,-98000,5000,-93000,0,0,510000,-1173000,-663000,510000,,-663000,7285000,,-68000,-7353000,-68000,-10000,-78000,6000,-72000,6656934
10308000,4492000,0,-8968000,-2419000,6549000,7889000,-38975000,82817000,-78984000,3833000,-49704000,-45871000,0,-47230000,0,-47230000,25365000,6283000,0,-71726000,-61923000,9803000,36558000,-41458000,88033000,-81102000,6931000,-61439000,-54508000,0,-54957000,210000,-54747000,7228130
0,25039,11805096,-18761073,-6930938,12006444,5075506,5075506,60156292,-56159598,3996694,-3550922,445772,-143583,302189,20932,323121,0,799706,21815176,-30575328,-7960446,12712831,4752385,4752385,67025734,-60881191,6144543,-4919217,1225326,-82012,1143314,-30913,1112401,1569634
45046000,0,0,-6911000,-6911000,-6911000,38135000,-15273000,,,0,0,0,-5138000,-5138000,0,-5138000,45046000,0,0,-5955000,-5955000,-5955000,39091000,-9575000,,,-2137000,-2137000,-2137000,-2758000,-4895000,0,-4895000,9511818
0,465600,2342466,-43868,33623403,33667271,0,35965869,,,,-404640,4055,0,163552,0,163552,0,310005,3553977,-49166,32248340,32297506,0,35802317,,,,-340171,-1107,0,688387,0,688387,1478153
3452000,0,3406000,-8449000,-746000,7703000,2706000,749000,17311000,-15718000,1593000,-1282000,-269000,-1000,-270000,10000,-260000,3516000,0,2757000,-6865000,-579000,6286000,2937000,1009000,17779000,-15789000,1990000,-1143000,110000,-33000,77000,-246000,-169000,5817189
0,10,0,-1186,4188,0,4832,3555,,,-4,-4,-4,-40,-2725,-45,-2770,0,11,0,-1331,4076,0,7558,6995,,,-3,-3,-3,-51,100,-39,61,1367044
0,552000,12023000,-7313000,5262000,12575000,,2257000,31366000,-29872000,1494000,-516000,978000,-80000,1012000,-204000,808000,0,1190000,13023000,-9759000,4454000,14213000,,1449000,43003000,-40981000,2022000,-504000,1518000,0,1857000,-565000,1292000,1122808
0,567000,13927000,-38052000,-23463000,14589000,-23463000,-18527000,25200,-22698,2502,-1104,1398,-25,2394,-548,1846,0,1205000,19214000,-42390000,-21916000,20474000,-21916000,-10395000,29194,-28564,630,-268,362,0,1149,-1153,-4,2684154
0,80000,1518000,-1211000,387000,1598000,,387000,1861000,-1385000,476000,-401000,75000,0,104000,-21000,83000,0,495000,1528000,-1719000,304000,2023000,,304000,1778000,-1349000,429000,-386000,43000,0,79000,-16000,63000,2574792
4297312,765,0,-2682310,-382895,1841799241229,3914417,47759,7912406,-4993298,2919108,-2618858,235358,-424623,-188689,38819,-149870,8571605,650,0,225,-5518124,952960,3053481,-2086101,8735906,-5250883,3485023,-2628909,782547,-483277,-2893412,61258,-2832154,4573228
0,0,33251000,-38732000,-5481000,33251000,-5481000,-16053000,154968000,-35288000,119680000,-131421000,-11741000,-1040000,-12781000,-1000,-12782000,0,0,35544000,-10490000,25054000,35544000,25054000,-3271000,40860000,-22700000,18160000,-21203000,-3043000,-153000,-3196000,-75000,-3271000,8534491
0,45903,24713904,-25333711,-553440,24780271,-553440,-553440,0,-5139,-5139,10345,5206,0,5206,649,5855,0,164032,21984657,-24821587,-559295,24262292,-559295,-559295,1654532,-4131065,-2476533,-292818,-2769351,-157770,-2927121,543111,-2384010,2856710
142908,0,129335,255182,-112274,198925,-56257,-71958,595645,413692,181953,140266,41687,9747,,0,-118033,67050,0,46617,210318,-143268,124938,-85380,-103898,417488,356718,60770,117707,-56937,28159,,0,-149973,SC124349
0,2899,1023859,-946619,80139,1026758,80139,80139,586779,-540093,46686,-69294,-22608,-29853,-52461,10149,-42312,0,2769,1034660,-990463,122451,1112914,122451,122451,978441,-883652,94789,-73061,21728,-20186,1542,-358,1184,4756350
0,0,0,-68419003,-68419003,0,-68419003,-68419003,,,0,0,0,-7055623,-42404007,0,-42404007,0,0,30112032,-121880,29990152,0,30726234,-26014996,,,-3235,-3235,-3235,-6082640,-6085875,0,-6085875,8226852
562922,0,4570177,-2665781,2071501,4737282,2634423,1290487,6120476,-5183275,937201,-1496509,-559308,-94318,-596595,63348,-533247,577511,0,5197264,-2801796,2546899,5348695,3124410,2031524,9075711,-7508666,1567045,-1538800,28245,-73901,15494,-5235,10259,2199284
0,734227,328499,-1062626,100,1062726,100,100,1831496,,-1140,-1832636,-1140,0,0,0,0,0,39477,621232,-660609,100,660709,100,100,1725086,,0,-1725086,0,0,0,0,0,6463663
0,0,843000,6633000,-5790000,843000,-5790000,-5790000,3325000,2498000,827000,680000,147000,-233000,-86000,0,-86000,0,0,2000000,7704000,-5704000,2000000,-5704000,-5704000,3281000,3084000,197000,623000,-426000,-182000,-608000,0,-608000,6955746
0,0,14366,-25707,0,16866,,0,94633,-34206,60427,-56598,3829,-11,3818,-510,3308,12151,0,0,0,-8841,0,,3310,0,0,0,0,0,0,0,0,0,3543715
0,425471,3776758,-54807192,-48948886,6736815,-48948886,-48948886,6691995,,6691995,-6185945,506050,-3107873,-2601823,136490,-2465333,0,693837,4300008,-54567457,-55600154,9116601,-46483553,-46483553,25137583,,25137583,-23439502,2352858,-1798698,554160,1221655,1775815,3516646
2681831,0,393284,105495,-531641,573854,2150190,1501738,15029751,-9348786,5680965,-4748502,-6384,-130836,-137220,311781,174561,2727913,0,3799333,-5094211,-252436,4841775,2475477,1327177,14532700,-8987627,5545073,-4439280,-110763,-116025,-226788,0,-226788,1574452
74968000,0,1764000,-57917000,-56153000,1764000,18815000,13804000,,,0,0,0,-5442000,1438000,210000,1648000,75030000,0,1378000,-57360000,-55982000,1378000,19048000,12156000,,,0,0,0,-3568000,-3375000,1038000,-2337000,8980132
0,0,0,9,0,0,0,14,0,0,0,0,2,0,0,5,14,0,0,0,-4181790,3818618,3818618,5195651,2537519,60505844,-46191738,14314106,-10449374,3526557,0,3534417,-996899,2537518,6923303
0,12912,44345,55870,1387,57257,1387,1387,838583,480769,357814,,437707,4452,-83804,0,-83804,0,14171,343371,272351,85191,357542,85191,85191,1440408,896292,544116,,749855,521,-204130,0,-204130,3454438
0,0,741614,-12397,729217,741614,729217,729217,41269,-6131,35138,-6873,28265,-47,35601,-1403,34198,0,0,716100,-21081,695019,716100,695019,695019,68551,-11545,57006,-7141,49865,0,66472,-3197,63275,3019236
0,803,0,101106,-100303,803,-100303,-100303,0,,-730,-730,-730,0,-730,0,-730,0,833,2924,103330,-99573,3757,-99573,-99573,0,,-4391,-4391,-4391,0,-4385,0,-4385,7389085
0,62788,1633193,2144944,571919,2144944,571919,571919,7675083,6729264,945819,881984,63835,30535,36104,2,2,0,22263,1506722,2087699,625817,2087699,625817,625817,7832202,6710283,1121919,836416,285503,10093,279467,14600,14600,2685379
48290000,0,397179,-42093477,-41696298,397179,6593702,6593702,3055210,-199376,2855834,-905760,1950074,-2917946,-966517,0,-966517,54876000,0,903281,-1938527,-1035246,903281,53840754,14146219,3166827,-19445,3147382,-78298,3069084,-3188992,-118244,0,-118244,5140324
0,0,26000,-52000,-26000,438000,412000,412000,288000,-190000,98000,-5000,93000,0,117000,0,0,0,0,76000,-110000,-34000,329000,295000,295000,351000,-225000,126000,-36000,90000,0,106000,0,106000,8430150
0,0,15271813,30535586,15263773,15271813,15263773,15263773,0,,-9060,9060,-9060,0,419607,0,419607,0,0,14849266,29693432,14844166,14849266,14844166,14844166,0,,-6360,6360,-6360,0,529180,0,529180,6707425
4313542,0,0,-1314607,-1314607,-1314607,2998935,707001,216000,,,-5693,210307,-138196,954689,0,0,2608591,0,0,-1026890,-1026890,-1026890,1581701,-647688,0,,,-33377,-33377,-174218,-488938,0,0,4311743
0,35,105779,104833,981,105814,981,981,24156334,-24066724,89610,-89309,301,0,301,-29,272,0,721553,6236366,-11194991,709,11195700,709,709,32060257,-31968132,92125,-109147,-17022,0,-17022,758,-16264,8659906
0,0,55055,-6477660,-6532715,55055,-6532715,-6532715,254373,0,254373,-36058,290431,88480,216631,0,216631,0,0,61364,-6687982,-6749346,61364,-6749346,-6749346,760127,363570,396557,6102,390455,76010,314445,0,314445,2013215
0,170000,4464000,-974000,3660000,4634000,,3629000,5021000,-4759000,262000,-2000,235000,-9000,226000,384000,610000,0,438000,2914000,-278000,3074000,3352000,,3019000,6539000,-6296000,243000,-27000,225000,-6000,219000,0,219000,2342007
0,831,15923,6328,10426,16754,10426,10426,6079,0,6079,3225,2854,0,2854,650,0,0,0,11738,3516,8222,11738,8222,8222,26102,3615,22487,12265,10222,0,10222,2100,0,3357547
0,1307054,1479406,-2466489,2374586,4841075,2374586,2374586,9770686,-7886844,1883842,-586236,1297606,0,1297846,-138000,1159846,0,70912,766241,-1983269,1214740,3198009,1214740,1214740,1445000,-1469128,-24128,-668055,-692183,0,-692057,0,-692057,740515
0,6197999,0,-12922763,-6722832,6199931,,-6722832,30779,0,30779,-304238,-175941,0,-358792,9799,-348993,240456,6634868,0,-13272447,-6614295,6658152,,-6373839,28818,-88709,-59891,118777,228397,0,182933,-7867,175066,2763799
0,0,132830999,-129444314,3386685,3620907648078,9126477,9126477,410644170,-381367815,29276355,-27146947,2129408,-1061063,1068345,72358,1140703,0,1423,133715820,-130487408,3229835,3494685567648,9485774,9485774,443272861,-406888875,36383986,-33428592,2955394,-671703,2283691,75978,2359669,3485614
0,145753,39084252,-70250659,-31020654,40224625,9203971,9203971,104280613,-88606862,15673751,-17433810,-1760059,0,-979484,-184141,-1163625,0,1685500,42775260,-71724322,-27263562,40631158,13367596,13367596,329250102,-288851969,40398133,-45110910,-4712777,0,-1536508,187371,-1349137,2636670
9134270,0,50128,-100,107992,50128,9242262,9242262,0,,-100960,-100960,-100960,0,-100960,100960,0,9235230,0,50128,-100,107992,50128,9343222,9343222,0,,-93462,-93462,-93462,0,650387,-650387,0,5914839
8808000,0,0,527000,527000,527000,9335000,1754000,,,,-377000,38000,-613000,-575000,118000,-457000,8808000,0,0,351000,351000,351000,9159000,2211000,,,,-441000,38000,-523000,-185000,74000,-111000,8407470
2879991,0,751128,-4016218,-3221404,794814,-341413,-451248,4429167,-4077943,351224,-732331,-381107,-149880,-868207,0,-868207,3610864,0,693937,-2883674,-2141204,742470,1469660,416959,4694409,-4309222,385187,-865276,-477473,-174807,-652280,0,-652280,3411142
0,71050,0,-11050,60000,71050,,60000,441663,-214858,226805,-267402,-40597,0,-40597,0,-40597,0,24668,109657,-78728,55597,134325,,446903,262964,-121148,141816,-214700,-72884,0,172873,0,-72873,8435058
0,456,4875,-3141,2210,5351,2210,1984,22288,-15212,7076,6438,638,-10,646,-124,522,0,172,4465,-2307,2330,4637,2330,2062,27146,-17924,9222,-8506,716,-16,705,-143,562,2332647
1829000,0,233000,5337000,-5104000,233000,-3275000,-5088000,1207000,-1327000,-120000,-216000,-336000,-230000,-566000,0,-566000,0,0,508000,4375000,-3867000,508000,-3867000,-3867000,1618000,-1516000,102000,-289000,-187000,-124000,-311000,0,-311000,7158093
0,453541,30750436,29639286,-1564691,31203977,-1564691,-1564691,5630405,-3305438,2324967,-1508462,,0,,,-2617691,0,976884,88180585,174685943,85528474,89157469,85528474,1053000,3191032,-2231036,959996,-754632,,0,,,1246062,8625047
63769000,0,0,-93167000,-93167000,156936000,63769000,61585000,28891000,-8186000,,,20705000,-6370000,14335000,-2784000,11551000,52266000,0,0,-105539000,-105539000,157805000,52266000,50034000,26237000,-5897000,,,20340000,-6232000,14108000,-3431000,10677000,3871240
0,559,0,0,559,559,,559,0,0,0,-101,-101,0,2888,0,2888,0,655,5,-2989,-2329,660,,-2329,1137754,-1137754,0,-110,-110,0,-110,-2219,-2329,7922562
0,4930336,5724774,-6176420,9966838,16143258,11507256,11414955,29551331,-19382007,10169324,-7566712,2272044,-61604,2214406,-444979,1769427,0,1977831,5660545,-3771192,9517283,13288475,11259170,9645528,26844988,-19018522,7826466,-6523954,950110,-21416,881320,-206066,675254,1223637
0,13966478,23607656,-26117315,0,37574134,0,11456819,142195420,-70644539,71550881,-1733530,69817351,0,69843746,0,69843746,0,0,0,0,819,0,819,0,19374935,-7832649,11542286,-11405,11530881,0,11530881,0,11530881,OC402444
0,0,2,-3,99609,2,99609,99609,1775287,-100357,1674930,-20510,1654420,0,1654789,-74,1654715,0,156910,83123,795139,-1555106,240033,-1555106,-1555106,1260963,-4498255,-3237292,-167161,-3404453,0,-3403593,0,-3403593,7160790
21119287,0,0,-15494749,-15494749,-15494749,5624538,-15386437,,,-132550,-132550,-132550,-2047497,-2180047,0,-2180047,21119287,0,0,-14608760,-14608760,-14608760,6510527,-13206390,,,-134750,-134750,-134750,-1747343,-1882093,0,-1882093,7468129
184,0,0,923,1846,923,739,739,0,-107501,-107501,-17519,-125020,-3648,-128668,0,0,776,0,0,847,1694,847,71,71,802555,-772462,30093,-43624,-13531,-2832,-16346,0,0,3011023
0,6345,5115201,4644762,1405420,6050182,,1682748,15374811,12751778,2623033,2058362,582945,46879,518941,116490,402451,0,9660,3931737,3662542,1029190,4691732,,1318427,12949263,10602358,2346905,2121487,243691,54362,153688,55680,98008,1328878
0,0,0,-709757,4613234,5322991,,9936225,0,2059331,2059331,330502,2389833,-5994,2384568,-482941,1901627,0,0,0,-29104952,3828215,32933167,,36761382,216210394,-205471947,10738447,-9341286,1397161,0,1397161,-280553,1116608,5829655
29177208,0,0,-14897541,-14897541,-14897541,14279667,-660172,,,-2412,-2412,-2412,-1023857,-1026269,0,-1026269,29177208,0,0,-10755128,-10755128,-10755128,18422080,366097,,,-1677,-1677,-1677,-832227,1466096,0,1466096,10688625
0,302162,25745,-300400,27507,327907,27507,27507,286668,-2001,284667,-91682,-534626,0,-534488,-40538,-575026,0,259362,996410,-651295,604477,1255772,604477,602533,2349172,-401359,1947813,-3129425,-1181612,0,2915697,-213365,2702332,5697907
0,122034,761394,-100416,783012,883428,783012,2,19570343,-19552601,17742,-17802,846,0,846,0,846,0,82990,1922125,-137995,1867120,2005115,1867120,2,24748043,-24733218,14825,-12251,4354,0,4354,0,4354,OC333462
39000,0,871000,-225000,646000,871000,,-225000,0,0,0,0,-7898891000,0,7557000,-88000,7469000,180000,0,1316000,-200000,1116000,1316000,,-200000,3806000,2805000,1001000,-748000,0,0,0,0,0,211617
29998,2016832508004,0,639916,1605668,2016832508004,1635666,1635666,1626440,-899741,726699,-703341,23358,0,33243,-7121,26122,52468,1816391754247,0,444195,1557076,1816391754247,1609544,1609544,1857390,-1100518,756872,-728477,28395,0,33166,-7183,25983,2321250
0,61679,286577,-445787,-97531,348256,-97531,-97531,610000,-864095,-254095,290444,36349,0,36349,3686,40035,0,27374,158137,-319391,-133880,185511,-133880,-137566,356386,-331370,25016,-25206,-190,0,-190,0,-190,6944126
0,0,21080,-343510,-322430,0,-322430,-630430,16308,,,2974,13334,-38625,-25291,-725,-26016,0,0,50258,-476672,-296414,130000,-296414,-604414,49142,,,663464,-614322,-45976,-660298,-7183,-667481,1546776
